CNPJ;RazaoSocial;DesvioPadrao
10219897000100;UNIMED OESTE DO PARÃ - COOPERATIVA DE TRABALHO MÃDICO;934410,72
10364053000145;ODONTOLIVE OPERADORA DE PLANOS ODONTOLÃGICOS LTDA.;80501,22
10395358000114;UNIMED DO CEARÃ - FEDERAÃÃO DAS SOCIEDADES COOPERATIVAS MÃDICAS DO ESTADO DO CEARÃ LTDA.;4637540,46
10414182000109;UNIMED SAÃDE E ODONTO S.A;2934725,33
10456692000130;QUALIDONTO - QUALIDADE EM ODONTOLOGIA LTDA ;112539,45
10767219000174;PLANO DE ASSISTÃNCIA ODONTOLÃGICA FAUCHARD LTDA. ME;64860,0
10796140000171;ASSOCIAÃÃO SERVIÃOS ODONTOLÃGICOS DA INDÃSTRIA DE MINAS GERAIS - ODONTOINDUSTRIA;77842,92
10846369000173;HEALTH ADMINISTRADORA DE BENEFICIOS LTDA;
10935483000170;ASSOCIAÃÃO DA SANTA CASA SAÃDE DE RIBEIRÃO PRETO;1049960,69
11076382000153;UNIX SAÃDE S.A;245785,6
11158465000191;AFFIX ADMINISTRADORA DE BENEFÃCIOS LTDA;0,0
11177786000133;ASSOCIAÃÃO MINEIRA DE ASSISTÃNCIA Ã SAÃDE DOS MEMBROS DO MINISTÃRIO PÃBLICO;1812902,29
11214624000128;UNIMED RECIFE COOPERATIVA DE TRABALHO MÃDICO;19484075,1
11336728000105;ASSOCIAÃÃO SAÃDE RURAL ALEGRETE;435903,51
11565995000154;PORTOMED - PORTO SEGURO SERVIÃOS DE SAUDE LTDA;2812133,4
11593821000103;ELOSAÃDE - ASSOCIAÃÃO DE ASSISTÃNCIA Ã SAÃDE;1336508,19
11828089000103;LUMINAR SAÃDE - ASSOCIAÃÃO DE ASSISTÃNCIA Ã SAÃDE;5375482,79
11867361000156;ASSOCIAÃÃO SAÃDE SÃO JOSÃ;2061203,6
11939445000158;ASSOCIAÃÃO DE SAÃDE PORTUGUESA DE BENEFICÃNCIA;4803653,21
11973134000105;SUL AMÃRICA ODONTOLÃGICO S/A;703434,05
11996146000155;CAIXA DE ASSISTÃNCIA Ã SAÃDE DO SINDICATO DOS FUNCIONÃRIOS INTEGRANTES DO GRUPO OCUPACIONAL ADMINISTRAÃÃO TRIBUTÃRIA DO ESTADO DE PERNAMBUCO;1874806,4
12049486000131;ASSOCIAÃÃO PARANAENSE DE ASSISTÃNCIA Ã SAUDE DOS MEMBROS DO MINISTERIO PUBLICO DO PARANÃ;450619,92
12055813000168;CEMIG SAÃDE;11676058,36
12317012000123;ASSOCIAÃÃO DO FISCO DE ALAGOAS;1230268,05
12442737000143;UNIMED MACEIO COOPERATIVA DE TRABALHO MÃDICO;5229301,36
12585261000108;FUNDAÃAO COMPESA DE PREVIDENCIA E ASSISTENCIA - COMPESAPREV;951627,69
12838821000180;FUNDAÃÃO FIAT SAÃDE E BEM ESTAR;3552105,37
12923462000160;UNIODONTO DE JOÃO PESSOA COOPERATIVA ODONTOLÃGICA;222122,26
13001218000102;ASSOCIAÃÃO SANTA SAÃDE;5614933,3
13026081000140;FUNDO DE ASSISTÃNCIA MÃDICO-HOSPITALAR DO MINISTÃRIO PÃBLICO;619171,38
13083167000105;ASSOCIACAO DOS SERVIDORES DA EMDAGRO - ASSEM;154257,54
13086566000120;CAIXA DE ASSISTÃNCIA DOS EMPREGADOS DO BANESE;494455,21
13100755000100;ASSOCIACAO DOS PROFESSORES UNIVERSITÃRIOS DA BAHIA;212457,68
13170410000122;ASSOCIAÃÃO DOS EMPREGADOS DA COMPANHIA ESTADUAL DE HABITAÃÃO E OBRAS PÃBLICAS - ASSEC;945130,95
13223975000120;CAIXA SEGURADORA ESPECIALIZADA EM SAÃDE S/A;456781,52
13360276000122;UNIMED SERGIPE - COOPERATIVA DE TRABALHO MÃDICO;5328349,25
13816250000146;OPLAN SAÃDE OPERADORA DE PLANO DE SAÃDE LTDA;554228,61
14408631000159;FUNDAÃÃO PLAMHUV - PLANO MÃDICO HOSPITALAR DOS HOSPITAIS UNIDOS DE VIÃOSA;655042,15
14576780000127;MEDGOLD ASSISTENCIA MEDICA LTDA - ME;134055,98
14674151000130;BIORAL SISTEMA ODONTOLÃGICO LTDA.;0,0
14799035000147;ASSOCIAÃÃO DOS SERVIDORES FISCAIS DO ESTADO DA BAHIA;2344802,53
14891935000110;ODONTO SEG OPERADORA DE PLANOS ODONTOLOGICOS S.A.;0,0
14946109000120;ASSOCIAÃÃO SÃO FRANCISCO VIDA;4011819,04
15011651000154;BRADESCO SAÃDE - OPERADORA DE PLANOS  S/A;146072006,24
15022430000181;ASSOCIAÃÃO DE SAÃDE DOS FORNECEDORES DE CANA DE PIRACICABA E REGIÃO;1910269,7
15131148000132;AMHA SAUDE S/A;867940,84
15214919000155;PROMÃDICA - PROTEÃÃO MEDICA A EMPRESAS S.A.;947781,62
15215452000168;CAIXA DE ASSISTÃNCIA DOS EMPREGADOS DO BANEB;884037,89
15308521000188;UNIODONTO BELÃM - COOPERATIVA DE ASSISTÃNCIA Ã SAÃDE ODONTOLÃGICA;48700,28
15323270000100;ASSOCIAÃÃO MAIS SAÃDE SANTA CASA DE SÃO JOÃO DA BOA VISTA;3360781,16
15395999000192;UNIMED DE DOURADOS COOPERATIVA DE TRABALHO MÃDICO LTDA;13951752,24
15594468000129;PLAMED PLANO DE ASSISTENCIA MEDICA LTDA;1919748,82
15713057000105;ASSOCIAÃÃO DO PLANO DE SAÃDE DA SANTA CASA DE MISERICÃRDIA DE ITABUNA - PLANSUL;630282,36
16415598000110;UNIMED DO SUDOESTE COOPERATIVA DE TRABALHO MEDICO LTDA;683469,8
16513178000176;UNIMED BELO HORIZONTE COOPERATIVA DE TRABALHO MÃDICO;48499179,15
16608812000154;SOCIEDADE BENEFICENTE DEZOITO DE JULHO;603800,89
16665579000141;ASSOCIAÃÃO SANTA CASA SAÃDE DE ARAÃATUBA;2164155,5
16921561000163;UNIMED MONTES CLAROS COOPERATIVA DE  TRABALHO MÃDICO LTDA.;239255,64
16926969000128;AMAZÃNIA PLANOS DE SAÃDE LTDA;1850445,0
16991945000152;UNIMED VALE DO AÃO COOPERATIVA DE TRABALHO MÃDICO;6012261,01
17048922000171;ODONTO PRIME S/S LTDA;10725,37
17143876000190;AME-ASSISTÃNCIA MÃDICA A EMPRESAS LTDA;72669,43
17146846000137;PESSOAL SAÃDE PLANOS DE ASSISTÃNCIA MÃDICA LTDA;316003,83
17333055000116;UNIODONTO UBERABA - COOPERATIVA DE ASSISTÃNCIA Ã SAÃDE ODONTOLÃGICA LTDA;581893,32
17505793000101;ABERTTA SAÃDE - ASSOCIAÃÃO BENEFICENTE DOS EMPREGADOS DA ARCELORMITTAL NO BRASIL;3929084,03
17689407000170;UNIMED JUIZ DE FORA COOPERATIVA DE TRABALHO MÃDICO LTDA;7881706,25
17774738000109;UNIMED UBERABA COOPERATIVA DE TRABALHO MEDICO LTDA.;4174166,23
17790718000121;UNIMED UBERLÃNDIA COOPERATIVA REGIONAL TRABALHO MÃDICO LTDA;17716816,09
17845504000105;UNIMED VARGINHA COOPERATIVA DE TRABALHO MÃDICO;454578,08
17897995000138;PLADISA PLANOS DE SAÃDE SA;1119670,69
18275071000162;POSTAL SAÃDE CAIXA DE ASSISTÃNCIA E SAÃDE DOS EMPREGADOS DOS CORREIOS;26120762,99
18321477000134;ASSOCIAÃÃO SANTA CASA SAÃDE DE SÃO JOSÃ DOS CAMPOS;10233297,17
18987107000130;CEAM BRASIL - PLANOS DE SAÃDE LTDA;
19031941000110;SMART CARE SISTEMAS MÃDICOS E ODONTOLÃGICOS LTDA.;202558,55
19240452000179;BCI ADMINISTRADORA DE BENEFÃCIOS LTDA.;0,0
19304091000187;SORRIDEN CONVÃNIOS ODONTOLÃGICOS S.A.;1881,18
19512026000147;PLAMESC PLANOS DE SAÃDE LTDA;336802,2
19663787000108;SALUPLAN ADMINISTRADORA DE BENEFÃCIOS LTDA;0,0
19691730000104;MAIS SAUDE S/A;266111,55
19878404000100;FUNDAÃÃO SÃO FRANCISCO XAVIER;20986403,03
19962272000109;BRASILDENTAL OPERADORA DE PLANOS ODONTOLÃGICOS S.A.;697510,41
19969500000164;DESBAN - FUNDAÃÃO BDMG DE SEGURIDADE SOCIAL;217255,01
20119509000165;FUNDAÃÃO LIBERTAS DE SEGURIDADE SOCIAL;344647,81
20160828000114;ASSOCIAÃÃO DOS SERVIDORES PÃBLICOS DA ADMINISTRAÃÃO DIRETA DO GOVERNO DO ESTADO DO PARÃ - ASPARÃ;408059,4
20168589000149;PRONTOMED PLANOS DE SAÃDE LTDA;1695838,47
20320487000105;AGROS - INSTITUTO UFV DE SEGURIDADE SOCIAL;2926427,47
20909271000171;UNIMED ARAGUARI COOPERATIVA DE TRABALHO MÃDICO ;1605606,26
20918393000124;OPERADORA DE PLANOS PRIVADOS DE SAÃDE - SANTA CASA SAÃDE LTDA;747476,8
20946877000187;AMPARA ASSISTÃNCIA MÃDICA PARAÃSO LTDA;515267,34
20961779000119;ASSOCIAÃÃO PLANO DE SAÃDE SANTA CASA DE VALINHOS;590760,69
21205801000163;CAIXA DE ASSISTÃNCIA Ã SAÃDE DOS TRABALHADORES NAS INDÃSTRIAS METALÃRGICAS, MECÃNICAS E DO MATERIAL ELÃTRICO DE BRUSQUE;365636,93
21490586000190;COOPERATIVA DE TRABALHO MÃDICO DE POUSO ALEGRE;2425532,56
21575709000195;SANTA CASA DE MISERICÃRDIA DE JUIZ DE FORA;5273039,53
21839519000138;UNIMED CONSELHEIRO LAFAIETE COOPERATIVA DE TRABALHO MÃDICO LTDA;3607266,09
22027346000116;PLANO DE ASSISTÃNCIA MÃDICA MINEIRA LTDA;412083,65
22263081000155;HOSPITAL CESAR LEITE;487730,12
22666341000133;PRONTOCLINICA E HOSPITAIS SAO LUCAS S/A;1040563,35
22694698000125;INTERCLINICAS PLANO VIDA USA OPERADORA DE SAUDE LTDA;0,0
22709109000135;BENEFICENCIA SOCIAL BOM SAMARITANO;249965,44
22720791000167;UNIMED INCONFIDENTES COOPERATIVA DE TRABALHO MÃDICO LTDA.;2071244,22
23031479000129;UNIODONTO DE MANAUS - COOPERATIVA ODONTOLÃGICA LTDA.;132343,15
23053901000147;SANTA CASA DE SAÃDE - SCS;990945,57
23278898000160;IRMANDADE DA SANTA CASA DE MISERICÃRDIA DE PASSOS;795660,6
23557177000199;ASSOCIAÃÃO UNIVIDA SANTA RITA DO PASSA QUATRO;214065,25
23725062000166;UNIODONTO DE FORTALEZA COOPERATIVA DE TRABALHO ODONTOLOGICO LTDA;73552,38
23802218000165;UNIMED ITAJUBA COOPERATIVA DE TRABALHO MEDICO;3312413,82
23869306000184;ASSOCIAÃÃO PADRE ALBINO SAÃDE;6506933,69
24243925000121;UNIODONTO MACEIÃ COOPERATIVA ODONTOLÃGICA;352422,89
24294787000100;UNIMED SOUSA - COOPERATIVA DE TRABALHO MÃDICO;144336,27
24449225000198;UNIMED CARUARU-COOPERATIVA DE TRABALHO MEDICO;4237682,2
24645912000189;PLANO DE SAÃDE DA SANTA CASA DE BRAGANÃA PAULISTA;1082027,85
24676884000167;UNIMED RONDONOPOLIS COOPERATIVA DE TRABALHO MÃDICO LTDA;3367009,47
24729097000136;SANTA CASA DA MISERICÃRDIA DE SÃO JOÃO DEL REI;87552,46
24807514000111;ASSOCIAÃÃO SANTA CASA CLÃNICAS DE BIRIGUI;423574,81
25063964000100;FUNDAÃÃO DE ASSISTÃNCIA Ã SAÃDE DA ASSOCIAÃÃO DO MINISTÃRIO PÃBLICO DO RIO GRANDE DO SUL;1997096,82
25064148000110;COOPERATIVA DE TRABALHO MEDICO DE ARAGUAÃNA - UNIMED ARAGUAÃNA;515377,92
25141173000150;ASSOCIAÃÃO PADRE PIO PLANOS DE SAÃDE;17631,63
25205234000104;R.M.I. OPERADORA DE SAÃDE INTEGRADA LTDA;293072,36
25250820000162;UNIMED DIVINOPOLIS - COOPERATIVA DE TRABALHO MEDICO LTDA;9983841,18
25329079000120;UNIMED SÃO JOÃO DEL REI - COOPERATIVA DE TRABALHO MÃDICO;910390,79
25335803000128;ASSOCIAÃÃO BENEFICENTE CATÃLICA;195086,86
25471574000179;UNIMED SÃO LOURENÃO COOPERATIVA DE TRABALHO MÃDICO;795451,96
25686544000180;UNIMED DE UBA COOPERATIVA DE TRABALHO MEDICO;793610,58
25810946000144;UNIMED BARBACENA - COOPERATIVA DE TRABALHO MÃDICO LTDA;1383471,95
25906728000108;COOPERATIVA DE TRABALHO ODONTOLOGICO - UNIODONTO ITAJUBÃ;115150,82
25910449000118;UNIMED ARAXÃ COOPERATIVA DE TRABALHO MÃDICO LTDA.;1902647,74
25971433000115;UNIMED MURIAÃ COOPERATIVA DE TRABALHO MEDICO LTDA;1546259,41
26150979000178;FUNDAÃÃO FILANTRÃPICA E BENEFICENTE DE SAÃDE ARNALDO GAVAZZA FILHO;896995,36
26185199000163;UNIODONTO REGIONAL COOPERATIVA ODONTOLOGICA;402400,98
26189530000113;UNIMED CURVELO COOPERATIVA DE TRABALHO MÃDICO LTDA.;972132,88
26291484000169;UNIMED GUAXUPÃ COOPERATIVA DE TRABALHO MEDICO;1011633,53
26368613000170;UNIMED CARATINGA - COOPERATIVA DE TRABALHO MÃDICO LTDA;340556,89
26629238000174;UNIMED ANÃPOLIS COOPERATIVA DE TRABALHO MÃDICO.;1374433,08
27047334000177;HEALTH-MED SISTEMA DE SAUDE LTDA;21939,15
27067508000163;ASSOCIAÃÃO SÃO LUIZ SAÃDE;1164643,77
27085968000114;CAIXA DE ASSISTÃNCIA AOS MEMBROS DA DEFENSORIA PÃBLICA DO ESTADO DO RIO DE JANEIRO;3071174,86
27113113000150;S1 OPERADORA DE PLANO DE SAÃDE LTDA;300607,29
27452545000195;2CARE OPERADORA DE SAÃDE LTDA.;5022963,39
27578434000120;UNIMED VITORIA COOPERATIVA DE TRABALHO MEDICO;22578686,42
27626696000112;UNIMED CABO FRIO COOPERATIVA TRABALHO MÃDICO LTDA.;756642,61
28023703000154;ÃNIX OPERADORA DE PLANOS DE SAÃDE LTDA;148931,58
28310835000167;MEDHEALTH PLANOS DE SAÃDE LTDA;400326,27
28311619000136;NEXO - ADMINISTRADORA DE BENEFICIOS LTDA;0,0
28502128000172;CAIXA DE ASSISTÃNCIA DOS EMPREGADOS DO SISTEMA FINANCEIRO BANESTES;1068056,22
28630531000187;UNIMED-SÃO GONÃALO - NITERÃI - SOC.COOP.SERV.MED E HOSP LTDA;7765373,31
28633372000174;SAÃDE BRASIL ASSISTÃNCIA MÃDICA LTDA.;756820,97
28714533000154;UNIMED NOVA IGUACU COOPERATIVA DE TRABALHO MEDICO;7517984,81
28806545000109;UNIMED PETROPOLIS-RJ COOPERATIVA DE TRABALHO MÃDICO;1233563,87
28953753000130;SD-M OPERADORA DE PLANOS DE SAUDE LTDA;139168,85
28974020000182;UNIMED NOROESTE FLUMINENSE - COOPERATIVA DE TRABALHO MÃDICO LTDA;191192,67
29117294000118;PLANO SIGMA SAÃDE LTDA;225025,88
29135795000127;UNIMED NOVA FRIBURGO-SOC.COOP.SERV.MED.HOSP.LTDA.;2846224,15
29167970000168;ASSOCIAÃÃO DOS SERVIDORES MUNICIPAIS, ESTADUAIS E FEDERAIS DO RIO DE JANEIRO;382181,77
29174910000172;AMHE MED ASSISTENCIA A SAUDE LTDA - EPP;14206482,2
29290152000158;UNIMED DE BARRA MANSA SOC. COOP. SERV.MED.E HOSPIT.;2998697,57
29309127000179;AMIL ASSISTÃNCIA MÃDICA INTERNACIONAL S.A.;312427089,04
29640612000120;CONFERÃNCIA SÃO JOSÃ DO AVAÃ;2561865,29
29754208000188;VALE PLANOS DE SAÃDE LTDA;779491,11
29780384000194;HSMED SAUDE LTDA;103919,73
29910807000143;RIO DOCE SAÃDE;542117,03
30036685000197;CAIXA DE PREVIDÃNCIA E ASSISTÃNCIA DOS SERVIDORES DA FUNDAÃÃO NACIONAL DE SAÃDE - CAPESESP;4293112,37
30417661000188;UNIMED NORTE FLUMINENSE COOPERATIVA DE TRABALHO MEDICO;2981768,46
30460075000116;MÃTUA DOS MAGISTRADOS DO ESTADO DO RIO DE JANEIRO;1448080,49
30505523000150;DONA SAÃDE CLINICAS LTDA ;1661221,4
30724638000136;ASSOCIAÃÃO HOSPITAL SAÃDE DE VARGEM GRANDE DO SUL;136385,09
31097886000167;PERSONAL CARE OPERADORA DE SAÃDE SA;1607327,98
31240963000196;ASSOCIAÃÃO BENEFICENTE DOS PROFESSORES PÃBLICOS ATIVOS E INATIVOS DO RIO DE JANEIRO - APPAI;324567,87
31432792000105;UNIMED DO EST. DO RJ FEDERAÃÃO EST. DAS COOPERATIVAS MÃDICAS;32139281,14
31466949000105;SAMEDIL SERVIÃOS DE ATENDIMENTO MÃDICO S/A;63037605,35
31596055000130;BRASIL ODONTO OPERADORA DE PLANOS ODONTOLÃGICOS LTDA;30705,03
31763326000102;EXCELÃNCIA PLANO DE SAÃDE S/A;514980,81
31787625000179;FUNDAÃÃO DE SEGURIDADE SOCIAL DA ARCELORMITTAL BRASIL - FUNSSEST;4067909,53
31925548000176;GRUPO HOSPITALAR DO RIO DE JANEIRO LTDA;31264568,93
32421708000102;BEST SENIOR OPERADORA DE SAÃDE LTDA;4055981,64
32440968000125;UNIMED SUL CAPIXABA COOPERATIVA DE TRABALHO MÃDICO;3851168,53
33379144000150;ÃNICA ASSISTENCIA MEDICA LTDA ;1589415,58
33546979000157;UNIMED REGIONAL SUL GOIAS COOP. DE TRABALHO MÃDICO LTDA;1649821,66
33601568000117;CAIXA DE ASSISTÃNCIA DOS EMPREGADOS DO SETOR PÃBLICO DO ESTADO DE GOIÃS - CAEME;2786,93
33719485000127;CAIXA DE ASSISTÃNCIA DOS FUNCIONÃRIOS DO BANCO DO BRASIL;138517887,55
33721226000130;SAMOC S.A. - SOCIEDADE ASSISTENCIAL MÃDICA E ODONTO CIRÃRGICA;821651,22
33922160000147;ASSOCIAÃÃO FCA SAÃDE;4873892,46
34011288000111;ASSOCIAÃÃO DOS AUDITORES FISCAIS DA RECEITA ESTADUAL DO RIO DE JANEIRO;928533,9
34063123000193;UNIMED DO OESTE DA BAHIA COOPERATIVA DE TRABALHO MÃDICO;796069,85
34266553000102;ALICE OPERADORA LTDA.;26852398,27
34269803000168;REAL GRANDEZA - FUNDAÃÃO DE PREVIDÃNCIA E ASSISTÃNCIA SOCIAL;12792085,32
34539000000186;KLINI PLANOS DE SAÃDE LTDA;11328883,21
34608096000197;UNIVIDA USA OPERADORA EM SAUDE S/A;0,0
34673588000166;BIT LIFE BENEFÃCIOS LTDA;0,0
34732056000152;ATITUDE SAÃDE ASSISTÃNCIA MEDICA LTDA;1298273,95
34844263000107;ELETROS SAÃDE - ASSOCIAÃÃO DE ASSISTÃNCIA Ã SAÃDE;3875570,7
34907159000106;ODONT-OPERADORA ODONTOLOGICA LTDA;98859,3
35436658000125;DENTAL CENTER LTDA;30407,2
35617257000171;CAIXA DE ASSISTÃNCIA DOS MAGISTRADOS DE PERNAMBUCO;842190,53
35642768000143;UNIMED METROPOLITANA DO AGRESTE - COOPERATIVA DE TRABALHO MÃDICO;558627,04
35657268000185;ASSOCIAÃÃO DE SAÃDE DO VALE;4165565,94
35830868000101;UNIMED DE MACAÃ COOPERATIVA DE ASSISTÃNCIA Ã SAÃDE;9683135,82
35908607000159;CAMIM OPERADORA DE PLANO DE SAÃDE LTDA;29095,88
35917970000130;UNIMED DE VOLTA REDONDA COOPERATIVA DE TRABALHO MÃDICO;5306643,46
35988963000120;UNIMED NORTE CAPIXABA- COOPERATIVA DE TRABALHO MÃDICO;2981027,1
36186642000174;PD BRASIL ASSISTENCIA ODONTOLOGICA LTDA;139771,25
36263502000152;CARING SAÃDE ASSISTÃNCIA MÃDICA LTDA.;260810,19
36503186000149;LEVE SAUDE OPERADORA DE PLANOS DE SAUDE S.A;18353775,4
36540979000138;UNIMED COSTA VERDE RJ;1239220,09
36567721000125;SAMI ASSISTÃNCIA MÃDICA LTDA;851365,31
37020290000145;TRINO - ALIANCA FILANTRÃPICA DE ASSISTÃNCIA E INTEGRAÃÃO PARA O DESENVOLVIMENTO DA SAUDE;1019065,25
37035441000139;SELECT OPERADORA DE PLANO DE SAUDE LTDA;23082207,71
37135365000133;ESMALE ASSISTENCIA INTERNACIONAL DE SAUDE LTDA.;1089548,31
37256591000172;UNIODONTO DO SUL GOIANO COOPERATIVA ODONTOLOGICA;33520,8
37275625000176;UNIMED RIO VERDE COOPERATIVA TRABALHO MEDICO;767864,94
37313475000148;UNIMED PALMAS COOPERATIVA DE TRABALHO MÃDICO;334342,26
37319040000100;VOCÃ TOTAL PLANOS DE SAÃDE LIMITADA;80554,86
37354048000108;YOU ASSISTÃNCIA MÃDICA LTDA.;
37382009000114;CAIXA DE ASSISTÃNCIA DOS EMPREGADOS DA SANEAGO;1986967,46
37436920000167;UNIMED BARRA DO GARÃAS - COOPERATIVA DE TRABALHO MÃDICO;52826,64
37442364000131;ESPLENDOR ADMINISTRADORA DE BENEFÃCIOS LTDA.;0,0
37496767000163;UNIODONTO DE MATO GROSSO COOP TRAB ODONTOLOGICO LTDA;8384,97
37652765000116;UNIMED DE JATAÃ COOPERATIVA DE TRABALHO MÃDICO LTDA.;490254,34
37880952000157;VIVACOM PLANOS DE SAÃDE;1452822,75
37898335000189;UNIMED DE MINEIROS COOPERATIVA DE TRABALHO MÃDICO ;339966,05
38272479000198;PB ASSISTENCIA MEDICA EU LTDA;1961644,05
38499547000156;UNIMED PATOS DE MINAS COOPERATIVA TRABALHO MÃDICO LTDA.;2745271,08
39149389000177;LIVRI OPERADORA DE PLANO DE SAÃDE LTDA;3491,36
39210844000100;UNIMED CENTRO SUL FLUMINENSE COOPERATIVA DE TRABALHO MÃDICO;1370438,97
39384664000137;UNIMED NOROESTE CAPIXABA COOPERATIVA DE TRABALHO MÃDICO.;1811669,53
39419809000198;PASA - PLANO DE ASSISTENCIA A SAUDE DO APOSENTADO DA VALE;9189552,22
39427632000171;ASSOCIAÃÃO PETROBRAS DE SAÃDE - APS;128005601,12
40038813000195;SALUSMED OPERADORA DE PLANOS DE SAUDE LTDA;364707,37
40187311000126;GOCARE PLANOS DE SAUDE LTDA;2601499,18
40223893000159;ODONTO EMPRESAS CONVENIOS DENTARIOS LTDA.;216009,7
40246859000108;ODILE SERVIÃOS DE SAÃDE LTDA.;88703,89
40294225000112;UNIMED DE CAMPOS COOPERATIVA DE TRABALHO MÃDICO;6382812,15
40853020000120;UNIMED VALE DO SÃO FRANCISCO COOPERATIVA DE TRABALHO MÃDICO;4643064,58
40960189000189;UNIMED PARAIBA - FEDERAÃAO DAS SOCIEDADES COOPERATIVAS DE TRABALHO MEDICO;1044,27
41077489000187;AMPLA PLANOS DE SAUDE LTDA;20675375,88
41248894000110;VIDA TOP MAIS SAÃDE OPERADORA DE PLANOS DE SAÃDE LTDA.;1851692,24
41369935000127;SAME-SERVIÃO DE ASSISTÃNCIA MÃDICA EMPRESARIAL LTDA.;18678,34
41432461000110;TEMPO MED PLANO DE SAUDE LTDA;3331423,26
41511429000120;UNIMED REGIONAL DE FLORIANO - COOPERATIVA DE TRABALHO MÃDICO;350243,72
41687179000184;UNIMED PATROCÃNIO COOPERATIVA DE TRABALHO MÃDICO LTDA.;1605711,19
41715325000138;ARL ADMINISTRADORA DE BENEFÃCIOS LTDA.;1639,67
41781949000153;UNIMED POÃOS DE CALDAS - SOC. COOP. DE TRAB. E SERVIÃOS MÃDICOS;637711,95
41871989000196;UNIMED ITUIUTABA COOPERATIVA TRABALHO MÃDICO LTDA.;311975,06
41905498000119;UNIMED NOROESTE DE MINAS COOPERATIVA DE TRABALHO MEDICO LTDA;2116545,99
41929347000109;PRESERVE SAUDE ASSISTENCIA MEDICA LTDA;137091,19
42043067000153;UNIMED EXTREMO SUL COOPERATIVA DE TRABALHO MÃDICO;1127485,98
42160192000143;FUNDAÃÃO CHESF DE ASSISTÃNCIA E SEGURIDADE SOCIAL;14968435,82
42163881000101;UNIMED-RIO COOPERATIVA DE TRABALHO MEDICO DO RIO DE JANEIRO;
42182170000184;CAIXA DE ASSISTÃNCIA Ã SAÃDE - CABERJ;4030026,33
42209475000132;TOTAL SAUDE  ADMINISTRADORA DE BENEFICIOS EIRELI;0,0
42425561000182;SAMIG - SERV. DE ASSISTENCIA MEDICA DA ILHA DO GOVERNADOR LTDA;883933,6
42465310000121;TELOS - FUNDAÃÃO EMBRATEL DE SEGURIDADE SOCIAL;793120,51
42785902000120;INFINITY SAÃDE SUPLEMENTAR LTDA;133629,23
42855999000109;UNIMED TRÃS CORAÃÃES COOPERATIVA DE TRABALHO MÃDICO LTDA.;653757,48
42889436000123;UNIMED ALTO SÃO FRANCISCO COOPERATIVA DE TRABALHO MÃDICO;670023,4
42892281000184;UNIMED GOVERNADOR VALADARES COOP. DE TRABALHO MÃDICO LTDA.;4211481,42
42936518000181;UNIMED LEOPOLDINA COOPERATIVA DE TRABALHO MÃDICO LTDA;2563416,55
42939207000176;UNIMED CAMPO BELO- COOPERATIVA DE TRABALHO MÃDICO;84214,85
42940528000190;UNIMED PARÃ DE MINAS COOPERATIVA DE TRABALHO MÃDICO LTDA.;1910103,05
42946061000196;UNIMED ALFENAS COOPERATIVA DE TRABALHO MEDICO;711137,52
43047552000168;AMPLITUDE PLANOS DE SAUDE LTDA ;0,0
43079723000130;TOTAL ASSISTÃNCIA MÃDICA HOSPITALAR LTDA;2754954,36
43293604000186;SANTA HELENA ASSISTÃNCIA MÃDICA S/A.;18943514,05
43643139000166;UNIMED DO ESTADO DE SÃO PAULO - FEDERAÃÃO ESTADUAL DAS COOP. MÃDICAS;35621661,71
44456036000150;UNIMED DE BAURU COOPERATIVA DE TRABALHO MÃDICO;13091572,11
44477823000188;INTEGRA ASSISTENCIA MEDICA SA;19503196,73
44595858000111;UNIODONTO DO BRASIL CENTRAL NACIONAL DAS COOPERATIVAS ODONTÃLOGICAS;67475,23
44649812000138;NOTRE DAME INTERMÃDICA SAÃDE S.A.;321045297,57
44663631000166;UNIMED DE RIO CLARO SP COOPERATIVA DE TRABALHO MEDICO;2207644,08
44673382000190;OMINT SERVIÃOS DE SAÃDE S.A.;63895812,41
44803922000102;UNIMED DE PIRACICABA SOCIEDADE COOPERATIVA DE SERVIÃOS MÃDICOS;3661014,31
44857357000166;METRUS INSTITUTO DE SEGURIDADE SOCIAL;4766088,82
44863959000126;UNIMED DE PRESIDENTE PRUDENTE COOPERATIVA DE TRAB. MÃDICO;5368422,96
44945962000199;SANTA CASA DE MISERICÃRDIA E ASILO DOS POBRES DE BATATAIS;56411,68
45050963000138;BEMSTAR ASSISTENCIA MEDICA LTDA;76854,31
45100138000109;UNIMED SAO JOSÃ DO RIO PRETO - COOP. DE TRABALHO MÃDICO;8414077,56
45118429000116;UNIMED DE CATANDUVA - COOPERATIVA DE TRABALHO MÃDICO;3294138,54
45171402000197;UNIMED DE TAUBATÃ COOPERATIVA DE TRABALHO MÃDICO;446021,85
45207131000182;UNIMED DE GUARATINGUETA-COOPERATIVA DE TRABALHO MÃDICO;631007,38
45232246000127;UNIMED DE RIBEIRAO PRETO - COOPERATIVA DE TRABALHO MÃDICO;11041356,41
45272366000158;UNIMED DE ARARAQUARA - COOP. DE TRAB. MÃDICO;5301890,61
45309606000141;UNIMED FRANCA - SOCIEDADE COOPERATIVA DE SERVIÃOS MÃDICOS E HOSPITALARES;6306133,46
45359213000142;UNIMED SÃO CARLOS - COOPERATIVA DE TRABALHO MÃDICO;5959118,88
45399961000159;UNIMED SOROCABA COOPERATIVA DE TRABALHO MÃDICO;16285584,36
45425899000122;UNIMED DE BOTUCATU COOPERATIVA DE TRABALHO MÃDICO;2784049,43
45467404000128;UNIMED DE REGISTRO COOPERATIVA DE TRABALHO MÃDICO;370471,4
45568546000181;ALMA ODONTO OPERADORA DE PLANOS ODONTOLOGICOS LTDA;12634,59
45572583000163;GARANTIA DE SAÃDE LTDA;192306,47
45981176000100;ANAFE SAUDE;1773166,81
46124624000111;UNIMED CAMPINAS - COOPERATIVA DE TRABALHO MÃDICO;25485995,26
46426569000114;UNITY SERVIÃOS INTEGRADOS DE SAÃDE LTDA.;4238851,34
46614535000153;AME VVIDA PLANOS DE SAUDE INTEGRADO LTDA.;69739,88
47325263000134;ASSOC DE ASSIST Ã SAÃDE DOS SERV DAS UNIV E INST FED, EST E/OU FAC PART EM PE;361831,9
47432143000136;PLENUM ASSISTENCIA MEDICA  LTDA;759073,7
47565155000139;UNIMED DE PINDAMONHANGABA - COOPERATIVA TRABALHO MEDICO;2975597,58
48628366000136;UNIMED DE SANTA BÃRBARA D'OESTE E AMERICANA - COOP DE TRABALHO MÃDICO;3219181,28
48717516000188;UNIMED DE LORENA COOPERATIVA DE TRABALHO MÃDICO;1198542,26
48721401000167;UNIMED DE CAÃAPAVA - COOPERATIVA DE TRABALHO MEDICO;3039151,4
48982275000102;INNOVA PLANO DE SAUDE LTDA;567399,65
49168700000189;PRO-SAUDE JARINU ASSISTENCIA MEDICA SUPLEMENTAR LTDA.;0,0
49210966000142;UNIMED REGIONAL DA BAIXA MOGIANA - COOPERATIVA DE TRABALHO MÃDICO;1158722,32
49320799000192;ECONOMUS INSTITUTO DE SEGURIDADE SOCIAL;12058830,08
49481538000154;SAUDIA ASSISTENCIA MÃDICA LTDA;283796,31
49792664000120;SUL DO PARÃ LTDA;4174177,29
49955478000164;AURORA SAÃDE LTDA;1517007,27
50368034000101;UNIMED DE AVARÃ COOPERATIVA DE TRABALHO MÃDICO;520873,57
50432863000106;MATÃO CLINICAS & AMHMA SAÃDE LTDA;369451,35
50480953000172;UNIMED DE LIMEIRA COOPERATIVA DE TRABALHO MÃDICO;4725376,57
50565317000143;SERV  SOCIAL AUTÃNOMO DE ASSIST Ã SAÃDE DOS SERV PÃBLICOS E MILITARES DE GOIÃS;33149454,48
50739135000141;SOBAM CENTRO MÃDICO HOSPITALAR S.A.;2431980,6
50876139000171;NOVA SAÃDE OPERADORA INTEGRADA DE SAÃDE LTDA;9599701,5
51093193000103;UNIMED DE ARACATUBA - COOPERATIVA DE TRABALHO MÃDICO;1776094,79
51212821000122;SAGRADA SAÃDE ASSISTÃNCIA MÃDICA LTDA;19057,85
51262335000119;CLÃNICA SÃO GABRIEL S/S LTDA;13004,76
51304798000104;UNIODONTO DE CAMPINAS COOPERATIVA ODONTOLÃGICA;430683,57
51427540000197;UNIMED DE OURINHOS - COOPERATIVA DE TRABALHO MÃDICO;2728365,29
51473692000126;IRMANDADE DA SANTA CASA DE MISERICORDIA DE LIMEIRA;1472016,16
51628360000173;PRONTO SOCORRO CONDE DE MOREIRA LIMA;389789,34
52204526000197;UNIODONTO PIRACICABA - COOPERATIVA ODONTOLÃGICA;242411,09
52657079000121;UNIMED DE BATATAIS - COOPERATIVA DE TRABALHO MÃDICO;49700,09
52852100000140;IRMANDADE DE MISERICÃRDIA DO HOSPITAL DA SANTA CASA DE MONTE ALTO;1381047,46
53249803000140;ASSISTÃNCIA MÃDICA 12 DE OUTUBRO LTDA;81907,81
53454617000143;SISTEMA TOTAL DE SAÃDE LTDA.;78341,01
53678264000165;UNIMED LESTE PAULISTA COOPERATIVA DE TRABALHO MÃDICO;919638,75
54012406000113;UNIMED ANHANGUERA COOPERATIVA DE TRABALHO MÃDICO;2272753,87
54370630000187;IRMANDADE DA SANTA CASA DE MISERICÃRDIA DE PIRACICABA;10506931,56
54557861000102;BLUZZ SAÃDE S/A;374270,06
54698763000187;SAUDE VIVA ADMINISTRADORA DE BENEFICIOS LTDA;0,0
54991211000162;UNIMED DE ASSIS COOPERATIVA DE TRABALHO MÃDICO;589430,66
55189930000127;IRMANDADE DE MISERICORDIA DE PORTO FERREIRA;1357521,56
55990451000105;SANTA CASA DE MISERICÃRDIA E BENEFICÃNCIA PORTUGUESA;1228411,83
56269913000162;PREVIDENT ASSISTÃNCIA ODONTOLÃGICA S.A;390546,84
56384183000140;IRMANDADE DA SANTA CASA DE MISERICÃRDIA DE RIO CLARO;3975006,74
56727134000163;UNIMED JUNDIAI - COOPERATIVA DE TRABALHO MÃDICO;7286535,62
56762172000157;UNIMED DE TUPA COOPERATIVA DE TRABALHO MÃDICO;477060,05
57149775000140;UNIMED SUL PAULISTA - COOPERATIVA DE TRABALHO MÃDICO;712614,23
57214900000159;UNIMED ALTA MOGIANA COOPERATIVA DE TRABALHO MÃDICO;1131074,75
57272510000135;ASSOCIAÃÃO POLICIAL DE ASSISTÃNCIA Ã SAÃDE;492198,95
57746455000178;MEDISERVICE OPERADORA DE PLANOS DE SAÃDE S.A.;58888170,53
58119199000151;ODONTOPREV S/A;15699052,63
58229691000180;UNIMED DE SANTOS COOP DE TRAB MEDICO;8837148,43
58434577000191;ELITE SAUDE SERVICOS MEDICOS LTDA.;0,0
58554194000157;UNIC ASSISTENCIA MEDICA LTDA;
58702853000155;UNIODONTO DE SOROCABA COOPERATIVA ODONTOLÃGICA;191866,47
58837188000107;UNIMED SALTO/ITU - COOPERATIVA MÃDICA;1576900,49
59007799000190;ASSOCIACAO DE SAUDE HOLAMBRA;544526,81
59452478000103;SAUDE SALV ASSISTENCIA MEDICA LTDA;
59499251000105;UNIMED DE CAPIVARI -COOPERATIVA DE TRABALHO MÃDICO;372540,93
59527440000144;UNIODONTO DE JUNDIAÃ COOPERATIVA ODONTOLÃGICA;97663,18
59641573000147;ATIMED ASSISTENCIA MEDICA LTDA;
59762062000183;ASSOCIAÃÃO POLICIAL DE ASSISTÃNCIA Ã SAÃDE DE ARAÃATUBA (APAS);27725,03
59766105000107;ASSOCIAÃÃO POLICIAL DE ASSISTÃNCIA Ã SAÃDE;56903,75
59847780000152;AUSTACLINICAS ASSISTÃNCIA MÃDICA E HOSPITALAR LTDA;2503796,73
59849182000112;SANTA CASA DE MISERICORDIA DE SAO JOAQUIM DA BARRA;1760486,13
59901454000186;SANTA CASA DE MISERICORDIA HOSPITAL SÃO VICENTE;350166,84
60214517000105;UNIMED SAO JOSE DOS CAMPOS - COOPERATIVA DE TRABALHO MEDICO;5698789,6
60499365000134;FUNDACAO LEONOR DE BARROS CAMARGO;2552940,33
60633369000163;UNIMED DE BEBEDOURO COOPERATIVA DE TRABALHO MÃDICO;3739740,99
60961422000155;SERVIÃO SOCIAL DA INDÃSTRIA DO PAPEL, PAPELÃO E CORTIÃA DO ESTADO DE SÃO PAULO - SEPACO;6211172,63
60975174000100;ASSOCIAÃÃO DE BENEFICÃNCIA E FILANTROPIA SÃO CRISTOVÃO;4316885,43
62231527000184;CAIXA BENEFICENTE DOS FUNCIONARIOS DO BANCO DO ESTADO DE SÃO PAULO;29805170,31
62465117000106;FUNDAÃÃO CESP;40801838,34
62476676000103;INTERMEDICI PIRACICABA ASSISTENCIA MEDICA LTDA;1901472,7
62511019000150;ALVORECER - ASSOCIAÃÃO DE SOCORROS MÃTUOS;677786,09
62550256000120;NOTRE DAME INTERMÃDICA MINAS GERAIS SAÃDE S.A.;42329251,56
62635990000191;ASSOCIACAO DOS AUDITORES FISCAIS DA RECEITA ESTADUAL DE SAO PAULO;7609331,39
62638374000194;CENTRO TRASMONTANO DE SAO PAULO;10815634,81
63367700000139;CAIXA DE ASSISTÃNCIA DOS SERVIDORES FAZENDÃRIOS ESTADUAIS;1754938,14
63554067000198;HAPVIDA ASSISTENCIA MEDICA S.A.;432401362,71
64327059000171;UNIMED CATAGUASES COOPERATIVA DE TRABALHO MÃDICO LTDA;773204,32
64388812000139;UNIMED TRÃS PONTAS - COOPERATIVA DE TRABALHO MÃDICO;208502,2
64924095000112;SERMED-SAÃDE LTDA.;1986158,31
65276354000109;UNIMED ITABIRA COOPERATIVA DE TRABALHO MÃDICO;828567,55
65422339000121;UNIMED AMPARO COOPERATIVA DE TRABALHO MÃDICO;5006831,17
65442162000125;UNIODONTO DE ARARAQUARA COOPERATIVA ODONTOLÃGICA;94982,24
65732836000126;UNIMED DE BIRIGUI - COOPERATIVA DE TRABALHO MÃDICO;1296585,58
66191263000133;UNIMED JOÃO MONLEVADE COOPERATIVA DE TRABALHO MÃDICO LTDA.;2036219,56
66343534000129;UNIMED VIÃOSA - COOPERATIVA DE TRABALHO MÃDICO;409849,74
66343559000122;UNIMED TEOFILO OTONI COOPERATIVA DE TRABALHO MÃDICO;953962,85
66453168000160;UNIMED SÃO SEBASTIÃO DO PARAÃSO COOPERATIVA DE TRABALHO MÃDICO;607441,14
66477217000103;UNIMED LAVRAS COOPERATIVA DE TRABALHO MÃDICO;590714,48
66491036000123;ASSOCIAÃÃO POLICIAL DE ASSISTÃNCIA Ã SAÃDE DE JAÃ;160051,36
66493339000185;ASSOCIAÃÃO POLICIAL DE ASSISTENCIA A SAUDE DE BOTUCATU;704958,84
66854779000110;ASSISTÃNCIA MÃDICA SÃO MIGUEL LTDA;2645476,29
66872888000160;UNIMED DE MARILIA COOPERATIVA DE TRABALHO MÃDICO;3454619,77
66916305000156;UNIMED SUDOESTE PAULISTA COOPERATIVA DE TRABALHO MÃDICO;752704,21
67417519000140;UNIMED DE LENÃOIS PAULISTA - COOPERATIVA DE TRABALHO MÃDICO;1206758,44
67577171000159;UNIMED DE MONTE ALTO - COOPERATIVA DE TRABALHO MÃDICO;421651,62
67839969000121;AMEPLAN ASSISTÃNCIA MÃDICA PLANEJADA LTDA;618057,15
68204486000113;UNIMED DE DRACENA - COOPERATIVA DE TRABALHO MÃDICO;1350128,39
68668045000172;AMESC - ASSOCIAÃÃO MÃDICA ESPÃRITA CRISTÃ;1565038,89
68682715000105;PLAMER PLANO MEDICO RESENDE LTDA;1174904,19
68687722000108;G & M ASSESSORIA MEDICA EMPRESARIAL LTDA;13936,18
68709211000131;UNIMED RESENDE COOPERATIVA DE TRABALHO MÃDICO;2792124,68
69015113000167;UNIODONTO DE AMERICANA COOPERATIVA ODONTOLÃGICA;289890,3
69087922000184;UNIMED NORTE PAULISTA - COOPERATIVA DE TRABALHO MÃDICO;834560,81
69099307000198;CROWN ODONTOLOGIA DE GRUPO LTDA;30897,61
69259356000140;S.P.A SAUDE- SISTEMA DE PROMOÃÃO ASSISTENCIAL;2007292,78
69289171000189;ATÃVIA SERVIÃOS DE SAÃDE S/A;816609,92
69612158000119;UNIMED REGIONAL DE PICOS - COOPERATIVA DE TRABALHO MÃDICO;369381,71
70094578000130;COMSEDER - COOPERATIVA DE ASSISTÃNCIA MÃDICA DOS SERVIDORES DA SUPLAN E DO DER LTDA;59059,53
70523899000102;UNIMED VALE DO JAURU COOPERATIVA DE TRABALHO MÃDICO;238052,6
71063853000110;UNIMED ITAÃNA COOPERATIVA DE TRABALHO MÃDICO LTDA.;332885,69
71064539000152;UNIMED SUDOESTE DE MINAS COOPERATIVA DE TRABALHO MÃDICO;2171671,38
71186886000158;UNIMED SÃO JOÃO NEPOMUCENO COOPERATIVA DE TRABALHO MÃDICO LTDA.;588762,45
71499792000139;UNIMED VERTENTE DO CAPARAÃ - COOPERATIVA DE TRABALHO MÃDICO LTDA;222592,53
71559272000174;ASSOCIAÃÃO POLICIAL DE ASSISTÃNCIA Ã SAÃDE;922115,44
71565659000133;ASSOCIACAO POLICIAL DE ASSISTENCIA A SAUDE DE ITAPETININGA;138921,8
71695746000105;UNIMED DE LINS - COOPERATIVA DE TRABALHOS MÃDICOS;501644,96
71753297000104;ASSOCIAÃÃO POLICIAL DE ASSISTENCIA Ã SAUDE DE SAO JOAO DA BOA VISTA;258757,15
71925531000133;UNIMED DE BARRETOS COOPERATIVA DE TRABALHO MÃDICO;416210,48
72120124000111;UNIODONTO RS FEDERACAO DAS UNIODONTOS DO RGS LTDA;84620,06
72127210000156;IRMANDADE DA SANTA CASA DE MISERICÃRDIA E MATERNIDADE DONA ZILDA SALVAGNI;343102,65
72234164000194;UNIMED ALTO JACUÃ/RS - COOPERATIVA DE ASSISTÃNCIA Ã SAÃDE LTDA;318977,51
72350382000194;COOPERATIVA DOS USUÃRIOS DE SERVIÃOS DE SAÃDE DO VALE DO RIO DOS SINOS LTDA;241002,5
72547623000190;SANTA CASA DE MISERICÃRDIA DE TUPÃ;275481,71
72783970000111;UNIMED DE JABOTICABAL COOP. DE TRABALHO MÃDICO;1972314,23
72916364000127;ASSOCIAÃÃO POLICIAL DE ASSISTÃNCIA Ã SAÃDE DE BARRETOS;33354,21
72918287000144;ASSOCIAÃÃO POLICIAL DE ASSISTÃNCIA Ã SAÃDE DE RIBEIRÃO PRETO (APAS);693564,32
72957814000120;SANTA CASA DE MISERICÃRDIA DE VOTUPORANGA;712230,42
73162760000179;UNIODONTO DE SÃO JOSÃ DOS CAMPOS COOPERATIVA DE TRABALHO ODONTOLÃGICO;750183,02
73395469000140;CAIXA DE ASSISTENCIA A SAUDE DA UNIVERSIDADE;2655806,36
73565319000138;ASSOCIACAO CIVIL PRÃ-SAÃDE DOS SERVIDORES DA UNIVERSIDADE ESTADUAL DE PONTA GROSSA;336627,51
73809352000166;FUNDAÃÃO SAÃDE ITAÃ;42638521,41
73936395000102;UNIMED ENCOSTA DA SERRA/RS SOCIEDADE COOPERATIVA DE SERVIÃOS DE SAÃDE LTDA.;3130089,45
73967085000155;UNIMED NORTE DO MATO GROSSO COOPERATIVA DE TRABALHO MÃDICO;1569604,38
74466137000172;UNIMED DE GUARULHOS COOPERATIVA DE TRABALHO MÃDICO;5755325,53
74521188000150;UNIMED DE SÃO ROQUE - COOPERATIVA DE TRABALHO MÃDICO;4681172,21
75003525000180;UNIMED DE PARANAGUÃ COOPERATIVA DE TRABALHO MÃDICO;1191680,25
75054940000162;FUNDAÃÃO COPEL DE PREVIDÃNCIA E ASSISTÃNCIA SOCIAL;5814017,97
75055772000120;UNIMED CURITIBA - SOCIEDADE COOPERATIVA DE MÃDICOS;43913155,4
75222224000147;UNIMED DE LONDRINA COOPERATIVA DE TRABALHO MÃDICO;15228302,37
76590884000143;UNIMED DO ESTADO DE SANTA CATARINA FED. EST. DAS COOP. MÃD.;20170173,19
76767219000182;UNIMED REGIONAL MARINGÃ COOP.DE TRABALHO MÃDICO;16070065,57
76882612000117;CLINIPAM CLINICA PARANAENSE DE ASSISTENCIA MEDICA LTDA;22548963,92
77375897000162;FUNDAÃÃO SANEPAR DE ASSISTÃNCIA SOCIAL;4306966,7
77781706000162;UNIMED PONTA GROSSA COOPERATIVA DE TRABALHO MEDICO;5404844,7
77858611000108;UNIMED GRANDE FLORIANÃPOLIS-COOPERATIVA DE TRABALHO MEDICO;29206535,3
77893469000121;HOSPITAL DE CARIDADE SÃO VICENTE DE PAULO;428298,48
78044815000160;UNIMED GUARAPUAVA COOPERATIVA DE TRABALHO MÃDICO;3240439,81
78304672000188;CAIXA BENEFICENTE DOS FUNCIONÃRIOS DO GRUPO IGUAÃU;102210,52
78339439000130;UNIMED DO ESTADO DO PARANÃ FEDERAÃÃO ESTADUAL DAS COOPERATIVAS MÃDICAS;18947491,72
78420783000150;UNIMED OESTE DO PARANA - COOPERATIVA DE TRABALHO MEDICO;1984770,85
78613841000161;ASSOCIAÃÃO EVANGELICA BENEFICENTE DE LONDRINA;7318488,33
78738101000151;DENTAL UNI - COOPERATIVA ODONTOLÃGICA;1206560,59
78931391000155;UNIMED COSTA OESTE - COOPERATIVA DE TRABALHO MÃDICO;8052266,85
78953023000108;UNIMED NORTE PIONEIRO - COOPERATIVA DE TRABALHO MÃDICO;1572711,79
79115762000193;IRMANDADE SANTA CASA DE MISERICÃRDIA DE MARINGÃ;3710217,44
79831608000118;SIM - CAIXA DE ASSISTÃNCIA Ã SAÃDE;3379761,61
80297161000128;UNIMED NORTE DO PARANÃ COOPERATIVA REGIONAL DE TRABALHO MÃDICO;1350050,95
80525652000189;UNIMED VALE DO PIQUIRI-COOPERATIVA DE TRABALHO MÃDICO VALE DO PIQUIRI ;742347,67
80653975000158;UNIMED EXTREMO OESTE CATARINENSE COOPERATIVA DE TRABALHO MÃDICO;1620162,16
80871551000160;UNIMED PATO BRANCO SOCIEDADE COOPERATIVA DE MÃDICOS;682767,37
81064511000179;UNIMED APUCARANA COOPERATIVA DE TRABALHO MÃDICO;1402428,19
81076069000109;UNIMED DE PARANAVAÃ COOPERATIVA DE TRABALHO MÃDICO;3232555,99
81170003000175;UNIMED DE CASCAVEL COOPERATIVA DE TRABALHO MÃDICO;3627002,79
81710543000102;UNIMED FRANCISCO BELTRAO COOPERATIVA DE TRABALHO MEDICO;2334116008,24
81710865000143;UNIMED NOROESTE DO PARANÃ COOP DE TRABALHO MÃDICO .;1428952,52
81715716000177;UNIMED REGIONAL DE CAMPO MOURÃO COOP TRAB MEDICO ;3055342,62
81733115000197;UNIMED DE CIANORTE - COOPERATIVA DE TRABALHO MEDICO ;8219466623,49
82239476000144;UNIODONTO DE LONDRINA COOP. ODONTOLÃGICA;30477,22
82353079000107;PARANA ASSISTENCIA MEDICA LTDA;2194428,63
82602327000106;UNIMED DE JOINVILLE COOPERATIVA DE TRABALHO MÃDICO;10151051,05
82624776000147;UNIMED BLUMENAU - COOPERATIVA DE TRABALHO MEDICO;14769969,07
82956996000178;FUNDAÃÃO CELESC DE SEGURIDADE SOCIAL - CELOS;7121011,37
82996703000186;UNIMED DE CRICIÃMA COOPERATIVA DE TRABALHO MÃDICO DA REGIÃO CARBONÃFERA;1518007,42
83367342000171;ASSOCIAÃÃO ADVENTISTA NORTE BRASILEIRA DE PREVENÃÃO E ASSISTÃNCIA A SAÃDE;8363637,32
83506030000100;BENEFICENCIA CAMILIANA DO SUL;8359909,3
83937631000169;CAIXA ASSISTENCIAL E BENEFICENTE DOS FUNCIONÃRIOS DA ACARESC;906556,68
84112481000117;FEDERAÃÃO DAS SOCIEDADES COOPERATIVAS DE TRABALHO MÃDICO DO ACRE, AMAPÃ, AMAZONAS, PARÃ, RONDONIA E RORAIMA;
84313741000112;UNIMED RIO BRANCO COOPERATIVA DE TRABALHO MEDICO LTDA;1943803,73
84537141000138;SAMEL PLANO DE SAÃDE LTDA;5792212,55
85177194000158;COOPERATIVA DE TRABALHO MÃDICO DO PLANALTO NORTE DE SANTA CATARINA LTDA;572753,44
85241339000132;UNIMED DE TUBARAO - COOPERATIVA DE TRABALHO MEDICO DA REGIAO DA AMUREL;6572887,3
85246916000189;COOPERATIVA DE TRABALHO MEDICO REGIÃO DO PLANALTO SERRANO;2546303,06
85283299000191;UNIMED CHAPECÃ - COOPERATIVA DE TRABALHO MÃDICO DA REGIÃO OESTE CATARINENSE;7683671,23
85377174000120;UNIMED LITORAL COOPERATIVA DE TRABALHO MÃDICO LTDA;18290841,23
86483542000188;UNIMED VALE DO CARANGOLA COOPERATIVA DE TRABALHO MEDICO LTDA;188020,86
86584901000193;UNIMED MACHADO COOPERATIVA DE TRABALHO MEDICO;302178,01
87096616000196;UNIMED PORTO ALEGRE - COOPERATIVA MÃDICA LTDA.;29697263,97
87158507000156;COOPERATIVA CENTRAL UNIMED DE COOPERATIVAS DE ASSISTÃNCIA Ã SAÃDE DO RIO GRANDE DO SUL LTDA.;7755840,13
87300448000109;UNIMED - COOPERATIVA DE SERVIÃOS DE SAÃDE DOS VALES DO TAQUARI E RIO PARDO LTDA.;6038232,47
87306361000149;UNIMED VALE DO CAÃ/RS - COOPERATIVA DE ASSISTÃNCIA Ã SAÃDE LTDA.;2463564,55
87497368000195;UNIMED SANTA MARIA/RS - COOPERATIVA DE ASSISTÃNCIA Ã SAÃDE LTDA;1193543,78
87547444000120;ASSOCIAÃÃO DR. BARTHOLOMEU TACCHINI;9313669,61
87607149000111;UNIMED PLANALTO MÃDIO/RS - COOPERATIVA DE ASSISTÃNCIA Ã SAÃDE LTDA.;3604637,43
87638334000173;UNIMED ERECHIM - COOPERATIVA DE SERVIÃOS DE SAÃDE LTDA.;273367,14
87647756000105;UNIMED NOROESTE/RS - SOCIEDADE COOPERATIVA DE ASSISTÃNCIA Ã SAÃDE LTDA.;1223005,14
87689527000153;UNIMED FRONTEIRA NOROESTE/RS - COOPERATIVA DE ASSISTÃNCIA Ã SAÃDE LTDA.;1025716,79
87701249000102;UNIMED MISSÃES/RS - COOPERATIVA DE ASSISTÃNCIA Ã SAÃDE LTDA.;776263,5
87827689000100;UNIMED SERRA GAUCHA/RS COOPERATIVA DE ASSISTENCIA A SAUDE LTDA;11913159,08
88258884000120;UNIMED VALE DO SINOS - COOPERATIVA DE ASSISTÃNCIA Ã SAÃDE LTDA;11044214,74
88645403000139;CIRCULO OPERARIO CAXIENSE;5794838,37
88732318000108;UNIMED ALTO DA SERRA - SOCIEDADE COOPERATIVA DE SERVIÃO MÃDICO LTDA.;704698,24
88938089000182;UNIODONTO PORTO ALEGRE COOPERATIVA ODONTOLOGICA LTDA;1147968,79
89100135000132;UNIMED PLANALTO CENTRAL/RS - COOPERATIVA DE ASSISTÃNCIA  Ã SAÃDE LTDA.;1371331,02
89640452000141;UNIMED REGIÃO DA CAMPANHA/RS - COOPERATIVA DE ASSISTÃNCIA Ã SAÃDE LTDA.;517334,31
89761670000134;ASSOCIAÃAO UNISAUDE MARAU;81384,13
89870547000151;UNIMED PELOTAS/RS - COOPERATIVA DE ASSISTÃNCIA Ã SAÃDE LTDA.;3187702,18
90619818000180;HOSPITAL DE PRONTOCLINICA LTDA.;156316,98
90747908000156;SULMED - ASSISTÃNCIA MÃDICA LTDA;1037160,5
92128610000193;UNIMED VALE DAS ANTAS, RS - COOPERATIVA DE ASSISTÃNCIA Ã SAÃDE LTDA.;1265891,06
92219070000153;SOCIEDADE PORTUGUESA DE BENEFICÃNCIA;692385,61
92240605000178;ON MED ASSISTÃNCIA MÃDICA LTDA;2309840,43
92316124000107;UNIMED REGIÃO DA FRONTEIRA - RS COOPERATIVA DE ASSISTÃNCIA Ã SAÃDE LTDA.;269058,77
92693118000160;BRADESCO SAÃDE S.A.;744191247,17
92741016000173;ASSOCIAÃAO DOS FUNCIONARIOS PUBLICOS DO ESTADO DO RIO GRANDE DO SUL;642942,75
92827666000136;INSTITUIÃÃO BENEFICENTE CEL MASSOT - IBCM;3163511,45
92911056000116;ASSOCIAÃÃO DOS FISCAIS DE TRIBUTOS ESTADUAIS DO RS - AFISVEC;239223,14
93507895000136;POLIMÃDICA SAÃDE SOCIEDADE SIMPLES LTDA;8044,28
95642179000197;HUMANA SAÃDE LTDA.;3537901,54
96182068000108;UNIMED DE SAO JOSÃ DO RIO PARDO-COOP. DE TRAB. MÃDICO;877759,77
96396395000162;UNIODONTO PAULISTA-FEDERAÃÃO DAS COOPERATIVAS ODONTOLÃGICAS DO ESTADO DE SÃO PAULO;126183,77
96509690000188;SÃO LUCAS SAÃDE S/A;222275,27
97388490000187;UNIMED COSTA DO DESCOBRIMENTO COOPERATIVA DE TRABALHO MÃDICO;1881550,73
97403778000183;SOCIODONTO PLANO DE ASSISTÃNCIA ODONTOLÃGICA LTDA;0,0
